<?xml version="1.0" encoding="UTF-8"?>
<beans xmlns="http://www.springframework.org/schema/beans"
	xmlns:sec="http://www.springframework.org/schema/security"
	xmlns:xsi="http://www.w3.org/2001/XMLSchema-instance"
	xmlns:aop="http://www.springframework.org/schema/aop"
	xmlns:context="http://www.springframework.org/schema/context"
	xmlns:tx="http://www.springframework.org/schema/tx"
	xsi:schemaLocation="http://www.springframework.org/schema/beans http://www.springframework.org/schema/beans/spring-beans-3.0.xsd
			http://www.springframework.org/schema/security http://www.springframework.org/schema/security/spring-security-3.0.xsd
            http://www.springframework.org/schema/aop  http://www.springframework.org/schema/aop/spring-aop-3.0.xsd
            http://www.springframework.org/schema/context http://www.springframework.org/schema/context/spring-context-3.0.xsd
            http://www.springframework.org/schema/tx http://www.springframework.org/schema/tx/spring-tx-3.0.xsd ">
	<bean id="dataSource"
		class="org.springframework.jdbc.datasource.DriverManagerDataSource">
		<property name="driverClassName"
			value="com.mysql.jdbc.Driver">
		</property>
		<property name="username" value="root"></property>
		<property name="password" value="nikhil"></property>
		<property name="url"
			value="jdbc:mysql://localhost:3306/certi_cloud">
		</property>
	</bean>
	<bean id="logInService" class="service.logInService">
		<property name="logInBO" ref="logInBO" />
	</bean>
	<bean id="logInBO" class="bo.logInBO">
		<property name="logInDao" ref="logInDao"></property>
	</bean>
	<bean id="logInDao" class="dao.logInDAO">
		<property name="dataSource" ref="dataSource"></property>
	</bean>

</beans>